Parameter,Value
Intercept,4.7608082163804175
Shape Parameter,2.480123044866157
Regression Scale,0.4032058014500512
